address,kind,name
# Generated by scripts/find_runtime_classes.py, then hand-edited. Keep sorted by address.
00411b10,func,CMerlinObject::Serialize
004128f0,func,CMerlinTexture::CreateObject
00412980,func,CMerlinTexture::Serialize
00415070,func,CMerlinLocation::CreateObject
00419de0,func,CMerlinStatic::CreateObject
0041bb80,func,CMerlinBSP::CreateObject
0041d600,func,CMainFrame::CreateObject
0041e1d0,func,CBumperDoc::CreateObject
0041e5a0,func,CBumperView::CreateObject
004298e0,func,CMerlinWorld::CreateObject
0042a550,func,CMerlinLine::CreateObject
0042cab0,func,CMerlinDynamic::CreateObject
0042d570,func,CMerlinObject::CreateObject
00452a1e,func,CArchive::Read
00452c38,func,CArchive::FillBuffer
0045d30e,func,CWnd::CreateObject
0045d3e1,func,CMenu::CreateObject
0045d545,func,CDC::CreateObject
0045d5ad,func,CGdiObject::CreateObject
0045dd19,func,CFrameWnd::CreateObject
0045e210,func,CObList::CreateObject
0045e25b,func,CMapStringToOb::CreateObject
0045e2df,func,CObArray::CreateObject
0045eb1e,func,CMiniDockFrameWnd::CreateObject
0045ebe7,func,CMiniFrameWnd::CreateObject
0045ed29,func,CImageList::CreateObject
00461cfc,data,g_textureSkipMips
00461d00,data,g_textureHeapCursor
004bbd20,data,CMerlinTexture::vftable
004c4808,data,CMainFrame::classRuntime
004c48d8,data,CBumperDoc::classRuntime
004c4cb0,data,CBumperView::classRuntime
004c51b0,data,CMerlinTexture::classRuntime
004c51e0,data,CMerlinWorld::classRuntime
004c5220,data,CMerlinStatic::classRuntime
004c5248,data,CMerlinLine::classRuntime
004c5270,data,CSmokeBombPod::classRuntime
004c5298,data,CJumpPod::classRuntime
004c52c0,data,CGameObj::classRuntime
004c52f0,data,CInviciblePod::classRuntime
004c5318,data,CPodObj::classRuntime
004c5340,data,CTempWallPod::classRuntime
004c5378,data,CSpeedPod::classRuntime
004c53a0,data,CSledPad::classRuntime
004c53c8,data,CFloorObj::classRuntime
004c53f8,data,CPlayer::classRuntime
004c5418,data,CFlag::classRuntime
004c5438,data,CContainer::classRuntime
004c5460,data,CHoldPad::classRuntime
004c5488,data,CHumanPlayer::classRuntime
004c54b8,data,CRobotPlayer::classRuntime
004c54f8,data,CMapEraserPod::classRuntime
004c5520,data,CSlowPod::classRuntime
004c5548,data,CFlagRemover::classRuntime
004c5570,data,CWall::classRuntime
004c55a0,data,CCollider::classRuntime
004c55b8,data,CRegionMatrix::classRuntime
004c5608,data,CMerlinDynamic::classRuntime
004c5638,data,CMerlinLocation::classRuntime
004c5660,data,CMerlinBSP::classRuntime
004c56a8,data,CMerlinObject::classRuntime
004c5790,data,CBeacon::classRuntime
004c68b8,data,CDialog::classRuntime
004c68e0,data,CWinApp::classRuntime
004c6908,data,CWinThread::classRuntime
004c6938,data,CCmdTarget::classRuntime
004c6960,data,CSingleDocTemplate::classRuntime
004c6998,data,CWnd::classRuntime
004c6a00,data,CMenu::classRuntime
004c6a20,data,CObject::classRuntime
004c6a40,data,CResourceException::classRuntime
004c6a58,data,CUserException::classRuntime
004c6a70,data,CDC::classRuntime
004c6a88,data,CClientDC::classRuntime
004c6aa0,data,CWindowDC::classRuntime
004c6ab8,data,CPaintDC::classRuntime
004c6ad0,data,CGdiObject::classRuntime
004c6ae8,data,CPen::classRuntime
004c6b00,data,CBrush::classRuntime
004c6b18,data,CFont::classRuntime
004c6b30,data,CBitmap::classRuntime
004c6b48,data,CPalette::classRuntime
004c6b60,data,CRgn::classRuntime
004c6d48,data,CArchiveException::classRuntime
004c6de0,data,CException::classRuntime
004c6df8,data,CMemoryException::classRuntime
004c6e10,data,CNotSupportedException::classRuntime
004c6f38,data,CFileException::classRuntime
004c6fc8,data,CStatic::classRuntime
004c6fe0,data,CButton::classRuntime
004c6ff8,data,CListBox::classRuntime
004c7010,data,CComboBox::classRuntime
004c7028,data,CEdit::classRuntime
004c7040,data,CScrollBar::classRuntime
004c7098,data,CFrameWnd::classRuntime
004c70b0,data,CView::classRuntime
004c70c8,data,CControlBar::classRuntime
004c7118,data,CStatusBar::classRuntime
004c7150,data,CDocument::classRuntime
004c7180,data,CObList::classRuntime
004c71a0,data,CMapStringToOb::classRuntime
004c71c8,data,CFile::classRuntime
004c71e8,data,CObArray::classRuntime
004c7210,data,CSplitterWnd::classRuntime
004c7238,data,CPtrList::classRuntime
004c7268,data,CMapPtrToPtr::classRuntime
004c7298,data,CFileDialog::classRuntime
004c72f0,data,CDocTemplate::classRuntime
004c7330,data,CPtrArray::classRuntime
004c73d0,data,CPrintDialog::classRuntime
004c73f8,data,CDockBar::classRuntime
004c7410,data,CMiniDockFrameWnd::classRuntime
004c7448,data,CMiniFrameWnd::classRuntime
004c97d8,data,CSpinButtonCtrl::classRuntime
004c97f0,data,CSliderCtrl::classRuntime
004c9808,data,CProgressCtrl::classRuntime
004c9820,data,CHeaderCtrl::classRuntime
004c9838,data,CHotKeyCtrl::classRuntime
004c9850,data,CToolTipCtrl::classRuntime
004c9868,data,CAnimateCtrl::classRuntime
004c9880,data,CTabCtrl::classRuntime
004c9898,data,CTreeCtrl::classRuntime
004c98b0,data,CListCtrl::classRuntime
004c98c8,data,CToolBarCtrl::classRuntime
004c98e0,data,CStatusBarCtrl::classRuntime
004c98f8,data,CImageList::classRuntime
